Workbook
Name Fragmentator_Order_Date: #N/A
Name Fragmentator_Product: #N/A
Name Fragmentator_State1: #N/A

Sheet Dane
A1: Order ID | B1: Product | C1: Quantity Ordered | D1: Price Each | E1: Order Date | F1: Purchase Address | G1: State | H1: Sales value
A2: 255347 | B2: AAA Batteries (4-pack) | C2: 1 | D2: 2.99 | E2: 43709.332 | F2: 527 Lincoln St, Los Angeles, CA 90001 | G2: =MID(F2,FIND(",",F2,FIND(",",F2)+1)+2,2) -> CA | H2: =Sales[Quantity Ordered]*Sales[Price Each] -> 2.99
A3: 254068 | B3: AAA Batteries (4-pack) | C3: 1 | D3: 2.99 | E3: 43709.374 | F3: 321 Church St, Los Angeles, CA 90001 | G3: =MID(F3,FIND(",",F3,FIND(",",F3)+1)+2,2) -> CA | H3: =Sales[Quantity Ordered]*Sales[Price Each] -> 2.99
A4: 258983 | B4: AAA Batteries (4-pack) | C4: 1 | D4: 2.99 | E4: 43709.385 | F4: 522 West St, Los Angeles, CA 90001 | G4: =MID(F4,FIND(",",F4,FIND(",",F4)+1)+2,2) -> CA | H4: =Sales[Quantity Ordered]*Sales[Price Each] -> 2.99
A5: 259029 | B5: AAA Batteries (4-pack) | C5: 1 | D5: 2.99 | E5: 43709.435 | F5: 502 South St, Boston, MA 02215 | G5: =MID(F5,FIND(",",F5,FIND(",",F5)+1)+2,2) -> MA | H5: =Sales[Quantity Ordered]*Sales[Price Each] -> 2.99
A6: 259038 | B6: AAA Batteries (4-pack) | C6: 1 | D6: 2.99 | E6: 43709.502 | F6: 995 6th St, Boston, MA 02215 | G6: =MID(F6,FIND(",",F6,FIND(",",F6)+1)+2,2) -> MA | H6: =Sales[Quantity Ordered]*Sales[Price Each] -> 2.99
A7: 257500 | B7: AAA Batteries (4-pack) | C7: 1 | D7: 2.99 | E7: 43709.521 | F7: 632 Hickory St, Portland, OR 97035 | G7: =MID(F7,FIND(",",F7,FIND(",",F7)+1)+2,2) -> OR | H7: =Sales[Quantity Ordered]*Sales[Price Each] -> 2.99
A8: 251030 | B8: AAA Batteries (4-pack) | C8: 1 | D8: 2.99 | E8: 43709.523 | F8: 906 Cedar St, San Francisco, CA 94016 | G8: =MID(F8,FIND(",",F8,FIND(",",F8)+1)+2,2) -> CA | H8: =Sales[Quantity Ordered]*Sales[Price Each] -> 2.99
A9: 251805 | B9: AAA Batteries (4-pack) | C9: 1 | D9: 2.99 | E9: 43709.57 | F9: 461 Lakeview St, Seattle, WA 98101 | G9: =MID(F9,FIND(",",F9,FIND(",",F9)+1)+2,2) -> WA | H9: =Sales[Quantity Ordered]*Sales[Price Each] -> 2.99
A10: 258601 | B10: AAA Batteries (4-pack) | C10: 1 | D10: 2.99 | E10: 43709.583 | F10: 395 6th St, New York City, NY 10001 | G10: =MID(F10,FIND(",",F10,FIND(",",F10)+1)+2,2) -> NY | H10: =Sales[Quantity Ordered]*Sales[Price Each] -> 2.99
A11: 252098 | B11: AAA Batteries (4-pack) | C11: 1 | D11: 2.99 | E11: 43709.585 | F11: 689 Spruce St, Dallas, TX 75001 | G11: =MID(F11,FIND(",",F11,FIND(",",F11)+1)+2,2) -> TX | H11: =Sales[Quantity Ordered]*Sales[Price Each] -> 2.99
A12: 251227 | B12: AAA Batteries (4-pack) | C12: 1 | D12: 2.99 | E12: 43709.612 | F12: 613 Maple St, San Francisco, CA 94016 | G12: =MID(F12,FIND(",",F12,FIND(",",F12)+1)+2,2) -> CA | H12: =Sales[Quantity Ordered]*Sales[Price Each] -> 2.99
A13: 258830 | B13: AAA Batteries (4-pack) | C13: 1 | D13: 2.99 | E13: 43709.618 | F13: 776 7th St, Austin, TX 73301 | G13: =MID(F13,FIND(",",F13,FIND(",",F13)+1)+2,2) -> TX | H13: =Sales[Quantity Ordered]*Sales[Price Each] -> 2.99
... A11630: 255868 | B11630: AA Batteries (4-pack) | C11630: 6 | D11630: 3.84 | E11630: 43720.435 | F11630: 470 Maple St, San Francisco, CA 94016 | G11630: =MID(F11630,FIND(",",F11630,FIND(",",F11630)+1)+2,2) -> CA | H11630: =Sales[Quantity Ordered]*Sales[Price Each] -> 23.04

Sheet Analiza
A1: Liczba rekordów | B1: =COUNTA(Sales[Order ID]) -> 11629
A2: Liczba produktów | B2: =COUNTA(Pivot!A4:A22) -> 19
A3: Najstarsza sprzedaż | B3: =MIN(Sales[Order Date]) -> 43709.215
A4: Najnowsza sprzedaż | B4: =MAX(Sales[Order Date]) -> 43739.171
A5: Liczba stanów | B5: =COUNTA(Pivot!A4:A11) -> 8
A6: Minimalna cena jednostkowa | B6: =MIN(Sales[Price Each]) -> 2.99
A7: Maksymalna cena jednostkowa | B7: =MAX(Sales[Price Each]) -> 1700
A8: Średnia cena jednostkowa | B8: =AVERAGE(Sales[Price Each]) -> 179.40001
A9: Łączna liczba sprzedanych sztuk | B9: =SUM(Pivot!J4:J22) -> 13097
A10: Najwiekszy przychód produktu | B10: =MAX(Pivot!B4:B22) -> 489600
A11: Produkt o najwiekszym przychodzie | B11: =INDEX(Pivot!A4:A22,MATCH(MAX(Pivot!B4:B19),Pivot!B4:B19,0)) -> Macbook Pro Laptop
A12: Największa liczba sprzedanych sztuk produktu | B12: =MAX(Pivot!J4:J22) -> 1922
A13: Produkt o największej liczbie sprzedaży sztuk | B13: =INDEX(Pivot!I4:I22,MATCH(MAX(Pivot!J4:J22),Pivot!J4:J22,0)) -> AAA Batteries (4-pack)
A14: Największa liczba sprzedanych sztuk produktu wg stanu | B14: =MAX(Pivot!Q4:Q11) -> 816751.56
A15: Stan o najwyższym przychodzie sprzedanych produktów | B15: =INDEX(Pivot!P4:P11,MATCH(MAX(Pivot!Q4:Q11),Pivot!Q4:Q11,0)) -> CA
A16: Łączny przychód | B16: =SUM(Sales[Sales value]) -> 2098816.7

Sheet Pivot
A3: Produkty | B3: Suma z Sales value | I3: Produkty | J3: Suma z Quantity Ordered | P3: Stany | Q3: Suma z Sales value
A4: 20in Monitor | B4: 30357.24 | I4: 20in Monitor | J4: 276 | P4: ME | Q4: 28759.56 | X4: Date | Y4: Sales value sum | AH4: Product | AI4: Sales value sum
A5: 27in 4K Gaming Monitor | B5: 148586.19 | I5: 27in 4K Gaming Monitor | J5: 381 | P5: OR | Q5: 103799.93 | X5: 1-Sep | Y5: 65816.65 | AH5: 27in 4K Gaming Monitor | AI5: 148976.18
A6: 27in FHD Monitor | B6: 72295.18 | I6: 27in FHD Monitor | J6: 482 | P6: WA | Q6: 156354.32 | X6: 2-Sep | Y6: 72275.38 | AH6: Google Phone | AI6: 205200
A7: 34in Ultrawide Monitor | B7: 143636.22 | I7: 34in Ultrawide Monitor | J7: 378 | P7: GA | Q7: 171278.89 | X7: 3-Sep | Y7: 62071.29 | AH7: ThinkPad Laptop | AI7: 248997.51 | AP7: Sales value sum
A8: AA Batteries (4-pack) | B8: 6800.64 | I8: AA Batteries (4-pack) | J8: 1771 | P8: MA | Q8: 247258.74 | X8: 4-Sep | Y8: 71784.82 | AH8: iPhone | AI8: 278600 | AP8: 2095463.4 | AV8: Product | AW8: Order Ids
A9: AAA Batteries (4-pack) | B9: 5746.78 | I9: AAA Batteries (4-pack) | J9: 1922 | P9: TX | Q9: 270696.56 | X9: 5-Sep | Y9: 67834.51 | AH9: Macbook Pro Laptop | AI9: 489600 | AV9: 20in Monitor | AW9: 273 | BE9: Date
A10: Apple Airpods Headphones | B10: 145050 | I10: Apple Airpods Headphones | J10: 967 | P10: NY | Q10: 300563.83 | X10: 6-Sep | Y10: 70087.1 | AH10: Suma końcowa | AI10: 1371373.7 | AV10: 27in 4K Gaming Monitor | AW10: 380 | BE10: 1-Sep
A11: Bose SoundSport Headphones | B11: 82691.73 | I11: Bose SoundSport Headphones | J11: 827 | P11: CA | Q11: 816751.56 | X11: 7-Sep | Y11: 70665.44 | AV11: 27in FHD Monitor | AW11: 479 | BE11: 2-Sep
A12: Flatscreen TV | B12: 88200 | I12: Flatscreen TV | J12: 294 | P12: Suma końcowa | Q12: 2095463.4 | X12: 8-Sep | Y12: 64098.3 | AV12: 34in Ultrawide Monitor | AW12: 377 | BE12: 3-Sep
A13: Google Phone | B13: 204600 | I13: Google Phone | J13: 341 | X13: 9-Sep | Y13: 79465.82 | AV13: AA Batteries (4-pack) | AW13: 1315 | BE13: 4-Sep
A14: iPhone | B14: 277900 | I14: iPhone | J14: 397 | X14: 10-Sep | Y14: 74257.35 | AV14: AAA Batteries (4-pack) | AW14: 1281 | BE14: 5-Sep
A15: LG Dryer | B15: 18000 | I15: LG Dryer | J15: 30 | X15: 11-Sep | Y15: 77830.23 | AV15: Apple Airpods Headphones | AW15: 963 | BE15: 6-Sep
A16: LG Washing Machine | B16: 27600 | I16: LG Washing Machine | J16: 46 | X16: 12-Sep | Y16: 74776.11 | AV16: Bose SoundSport Headphones | AW16: 823 | BE16: 7-Sep
A17: Lightning Charging Cable | B17: 21378.5 | I17: Lightning Charging Cable | J17: 1430 | X17: 13-Sep | Y17: 78224.28 | AV17: Flatscreen TV | AW17: 291 | BE17: 8-Sep
A18: Macbook Pro Laptop | B18: 489600 | I18: Macbook Pro Laptop | J18: 288 | X18: 14-Sep | Y18: 79399.76 | AV18: Google Phone | AW18: 341 | BE18: 9-Sep
A19: ThinkPad Laptop | B19: 247997.52 | I19: ThinkPad Laptop | J19: 248 | X19: 15-Sep | Y19: 73422.21 | AV19: iPhone | AW19: 396 | BE19: 10-Sep
A20: USB-C Charging Cable | B20: 19024.4 | I20: USB-C Charging Cable | J20: 1592 | X20: 16-Sep | Y20: 57940.24 | AV20: LG Dryer | AW20: 30 | BE20: 11-Sep
A21: Vareebadd Phone | B21: 50400 | I21: Vareebadd Phone | J21: 126 | X21: 17-Sep | Y21: 62443.57 | AV21: LG Washing Machine | AW21: 46 | BE21: 12-Sep
A22: Wired Headphones | B22: 15598.99 | I22: Wired Headphones | J22: 1301 | X22: 18-Sep | Y22: 76563.3 | AV22: Lightning Charging Cable | AW22: 1326 | BE22: 13-Sep
A23: Suma końcowa | B23: 2095463.4 | I23: Suma końcowa | J23: 13097 | X23: 19-Sep | Y23: 64202.46 | AV23: Macbook Pro Laptop | AW23: 288 | BE23: 14-Sep
X24: 20-Sep | Y24: 63013.83 | AV24: ThinkPad Laptop | AW24: 248 | BE24: 15-Sep
X25: 21-Sep | Y25: 62876.26 | AV25: USB-C Charging Cable | AW25: 1452 | BE25: 16-Sep
X26: 22-Sep | Y26: 47909.61 | AV26: Vareebadd Phone | AW26: 126 | BE26: 17-Sep
X27: 23-Sep | Y27: 70232.03 | AV27: Wired Headphones | AW27: 1174 | BE27: 18-Sep
X28: 24-Sep | Y28: 66751.42 | AV28: Suma końcowa | AW28: 11609 | BE28: 19-Sep
X29: 25-Sep | Y29: 78245.17 | BE29: 20-Sep
X30: 26-Sep | Y30: 79307.77 | BE30: 21-Sep
X31: 27-Sep | Y31: 66331.18 | BE31: 22-Sep
X32: 28-Sep | Y32: 72096.63 | BE32: 23-Sep
X33: 29-Sep | Y33: 73285.42 | BE33: 24-Sep
X34: 30-Sep | Y34: 72255.25 | BE34: 25-Sep
X35: Suma końcowa | Y35: 2095463.4 | BE35: 26-Sep
BE36: 27-Sep
BE37: 28-Sep
BE38: 29-Sep
BE39: 30-Sep
BE40: Suma końcowa

Sheet Dashboard
A1: Sales Performance Dashboard
A5: September 2019 | Interactive Excel Dashboard
B6: Total Revenue | E6: Units Sold | H6: Top Product | K6: Number of Orders
B7: =GETPIVOTDATA("Sales value",Pivot!$AP$7) -> 2095463.4 | E7: =Analiza!B9 -> 13097 | H7: =Analiza!B11 -> Macbook Pro Laptop | K7: =SUM(Pivot!AW9:AW27) -> 11609
